[
  {
    "id": "bbe6cc6a-5d16-45d7-ba3f-67e8a646ed3b",
    "data": [
      {
        "text": "funcionamento",
        "userDefined": false
      }
    ],
    "isTemplate": false,
    "count": 0,
    "lang": "pt-br",
    "updated": 0
  },
  {
    "id": "c9501011-4e3b-492e-bde8-55270930e63a",
    "data": [
      {
        "text": "Horário",
        "userDefined": false
      }
    ],
    "isTemplate": false,
    "count": 0,
    "lang": "pt-br",
    "updated": 0
  },
  {
    "id": "c614acad-1540-4717-9d9a-bdbe06af8e26",
    "data": [
      {
        "text": "Horário de funcionamento",
        "userDefined": false
      }
    ],
    "isTemplate": false,
    "count": 0,
    "lang": "pt-br",
    "updated": 0
  },
  {
    "id": "d78ce267-d86e-4072-b692-142dad0e4374",
    "data": [
      {
        "text": "2",
        "userDefined": false
      }
    ],
    "isTemplate": false,
    "count": 0,
    "lang": "pt-br",
    "updated": 0
  },
  {
    "id": "b6627853-55f6-4270-bc88-c6cb1509984a",
    "data": [
      {
        "text": "2- Horário de funcionamento",
        "userDefined": false
      }
    ],
    "isTemplate": false,
    "count": 0,
    "lang": "pt-br",
    "updated": 0
  }
]