[
  {
    "id": "adb3ab17-fcb7-4b46-a092-67be57c1a07a",
    "data": [
      {
        "text": "3- Nossos serviços",
        "userDefined": false
      }
    ],
    "isTemplate": false,
    "count": 0,
    "lang": "pt-br",
    "updated": 0
  },
  {
    "id": "17f09fcd-e4e1-46a7-9755-3c9cb4c2df36",
    "data": [
      {
        "text": "3",
        "userDefined": false
      }
    ],
    "isTemplate": false,
    "count": 0,
    "lang": "pt-br",
    "updated": 0
  },
  {
    "id": "6fc277da-3a2f-4f4e-ace8-046df2c87ef7",
    "data": [
      {
        "text": "Nossos",
        "userDefined": false
      }
    ],
    "isTemplate": false,
    "count": 0,
    "lang": "pt-br",
    "updated": 0
  },
  {
    "id": "b7fede04-181c-41fe-b378-969d1a7581e1",
    "data": [
      {
        "text": "serviços",
        "userDefined": false
      }
    ],
    "isTemplate": false,
    "count": 0,
    "lang": "pt-br",
    "updated": 0
  }
]